ØªØ§Ø±ÙŠØ® Ø§Ù„Ø­Ø¯Ø«,Ø§Ù„ÙˆÙ‚Øª,Ø§Ù„Ø¹Ù…Ù„Ø©,Ø§Ù„Ø­Ø¯Ø«,Ø§Ù„ØªØ£Ø«ÙŠØ±
2025-11-21,2:30pm,CAD,CPI m/m,ðŸ”´ Ø¹Ø§Ù„ÙŠ
2025-11-21,2:30pm,CAD,Median CPI y/y,ðŸ”´ Ø¹Ø§Ù„ÙŠ
2025-11-21,2:30pm,CAD,Trimmed CPI y/y,ðŸ”´ Ø¹Ø§Ù„ÙŠ
2025-11-21,9:10am,USD,Unemployment Claims,ðŸ”´ Ø¹Ø§Ù„ÙŠ
2025-11-21,1:30am,AUD,Wage Price Index q/q,ðŸ”´ Ø¹Ø§Ù„ÙŠ
2025-11-21,8:00am,GBP,CPI y/y,ðŸ”´ Ø¹Ø§Ù„ÙŠ
2025-11-21,8:00pm,USD,FOMC Meeting Minutes,ðŸ”´ Ø¹Ø§Ù„ÙŠ
2025-11-21,2:30pm,USD,Average Hourly Earnings m/m,ðŸ”´ Ø¹Ø§Ù„ÙŠ
2025-11-21,2:30pm,USD,Non-Farm Employment Change,ðŸ”´ Ø¹Ø§Ù„ÙŠ
2025-11-21,2:30pm,USD,Unemployment Claims,ðŸ”´ Ø¹Ø§Ù„ÙŠ
2025-11-21,2:30pm,USD,Unemployment Rate,ðŸ”´ Ø¹Ø§Ù„ÙŠ
2025-11-21,8:00am,GBP,Retail Sales m/m,ðŸ”´ Ø¹Ø§Ù„ÙŠ
2025-11-21,9:30am,EUR,German Flash Manufacturing PMI,ðŸ”´ Ø¹Ø§Ù„ÙŠ
2025-11-21,9:30am,EUR,German Flash Services PMI,ðŸ”´ Ø¹Ø§Ù„ÙŠ
2025-11-21,10:30am,GBP,Flash Manufacturing PMI,ðŸ”´ Ø¹Ø§Ù„ÙŠ
2025-11-21,10:30am,GBP,Flash Services PMI,ðŸ”´ Ø¹Ø§Ù„ÙŠ
2025-11-21,3:45pm,USD,Flash Manufacturing PMI,ðŸ”´ Ø¹Ø§Ù„ÙŠ
2025-11-21,3:45pm,USD,Flash Services PMI,ðŸ”´ Ø¹Ø§Ù„ÙŠ
